prompt,response,aspect,definition
Write a <b>functional</b> passage about writing a paper:,"When writing a paper, it is important to follow a few simple steps in order to make the process as smooth as possible. First, choose a topic that you are interested in and that you feel comfortable writing about. Next, do some research on your topic in order to gather information and resources. Once you have gathered your information, begin to organize it into an outline. This will help you to see the structure of your paper and will make writing it much easier. Finally, start writing your paper, following your outline. Be sure to proofread your paper before submitting it. By following these simple steps, you will be well on your way to writing a successful paper.",Writing Style,functional writing style: A functional writing style is a style of writing that is designed to communicate information in a clear and concise manner.
Write a <b>functional</b> passage about writing a paper:,"Writing a paper can seem like a daunting task, but it doesn't have to be. By following a few simple steps, you can make the process easy and enjoyable.<br><br>First, choose a topic that interests you. This will make the writing process more enjoyable and will help you stay motivated.<br><br>Next, do some research on your topic. This will help you understand the subject better and will give you material to work with.<br><br>Then, start writing your paper. Begin with an introduction, followed by the body of your paper, and end with a conclusion.<br><br>Finally, proofread your paper and make any necessary changes. This will ensure that your paper is error-free and ready to be submitted.",Writing Style,functional writing style: A functional writing style is a style of writing that is designed to communicate information in a clear and concise manner.
Write a <b>functional</b> passage about writing a paper:,"Before you start writing your paper, you need to choose a topic. Once you have a topic, you need to do some research on that topic. After you have done your research, you need to decide what your paper is going to be about. Once you have decided what your paper is going to be about, you need to start writing your paper.",Writing Style,functional writing style: A functional writing style is a style of writing that is designed to communicate information in a clear and concise manner.
Write a passage with a <b>flowery</b> writing style about strawberries:,"The sweet, succulent taste of strawberries is like no other fruit. They are the perfect addition to any dish, whether it be a simple salad or a decadent dessert.<br><br>The delicate flavor of strawberries is what makes them so special. They are the quintessential summer fruit, and can be enjoyed in so many different ways. Whether you like them freshly picked, or drizzled with chocolate, strawberries are sure to please.",Writing Style,"flowery writing style: Flowery writing is filled with beautiful, poetic language. It often uses metaphors and similes to describe things in a creative, imagistic way."
Write a passage with a <b>flowery</b> writing style about strawberries:,"The strawberries were ripe and red, and they smelled like summer. I wanted to eat them all, but I knew I had to share.",Writing Style,"flowery writing style: Flowery writing is filled with beautiful, poetic language. It often uses metaphors and similes to describe things in a creative, imagistic way."
Write a passage with a <b>flowery</b> writing style about strawberries:,"The strawberries were plump and red, with a hint of sweetness in the air. They looked like they had been freshly picked, and I couldn't help but feel a pang of jealousy. I wished I could have been the one to pick them, to feel the warm sun on my skin and the soft dirt beneath my feet. Instead, I was stuck inside, staring longingly at the fruit.",Writing Style,"flowery writing style: Flowery writing is filled with beautiful, poetic language. It often uses metaphors and similes to describe things in a creative, imagistic way."
Write an <b>ornate</b> passage about sunsets:,"The sun sets in the sky like a ball of fire, casting a beautiful orange hue in the sky. The clouds are tinted with red and pink, making for a stunning view. The sun slowly sinks behind the horizon, leaving behind a gorgeous sky.",Writing Style,"ornate writing style: An ornate writing style is one that is highly decorative and complex. It often includes intricate sentence structure, flowery language, and a lot of detail."
Write an <b>ornate</b> passage about sunsets:,"There is something about a sunset that is so magical and mesmerizing. The way the sun slowly dip below the horizon, the way the sky turns a beautiful hue of orange and red. It's like the world is saying goodnight and it's time to rest.<br><br> Sunsets are a time to reflect on the day that has passed and to be grateful for all the good that has come our way. They are a time to reflect on the future and to dream about all the possibilities that await us. Sunsets are a time to be in the moment and to just appreciate the beauty that surrounds us.<br><br>Sunsets are a reminder that no matter what happens in our day-to-day lives, there is always something beautiful to look forward to. They remind us to take a deep breath and to just relax. Enjoy the moment and the simple beauty of a sunset.",Writing Style,"ornate writing style: An ornate writing style is one that is highly decorative and complex. It often includes intricate sentence structure, flowery language, and a lot of detail."
Write an <b>ornate</b> passage about sunsets:,"When the sun sets, the world is bathed in a warm, orange glow. The sky is filled with a spectrum of colors, from deep red to light pink. The sun slowly disappears into the horizon, leaving behind a stunning view.<br><br>Sunsets are a time to reflect on the day that has passed and to look forward to the future. They are a reminder that no matter what happens in life, there is always a new day on the horizon.",Writing Style,"ornate writing style: An ornate writing style is one that is highly decorative and complex. It often includes intricate sentence structure, flowery language, and a lot of detail."
Write a <b>dramatic</b> passage about love:,"Though all my hopes and dreams,<br><br>May never be realized,<br><br>I still know that true love exists,<br><br>And I am willing to take the risk.<br><br>For even if I am hurt in the end,<br><br>At least I will have experienced<br><br>The most powerful emotion in the world,<br><br>And that is worth everything.",Tone,"dramatic tone: A dramatic tone is characterized by intense, emotional language and is often used to describe events with a lot of action."
Write a <b>dramatic</b> passage about love:,"Love is the light that guides us through the dark times. It is the hope that keeps us going when all seems lost. It is the force that drives us to be better than we are.<br><br>When we are in love, we are alive. We feel more than we ever thought possible. We are willing to sacrifice everything for the one we love. We would do anything to make them happy.<br><br>Love is the most powerful emotion in the world. It can make us happy and whole, or it can tear us apart. It is the one thing that we all crave, and the one thing that can never be fully understood.",Tone,"dramatic tone: A dramatic tone is characterized by intense, emotional language and is often used to describe events with a lot of action."
Write a <b>dramatic</b> passage about love:,"""I love you. I'm so in love with you. I can't stand to be without you. I need you. I want to be with you all the time. I can't stand it when we're apart. I'm always thinking about you. I can't wait to see you again. I'm so in love with you.""",Tone,"dramatic tone: A dramatic tone is characterized by intense, emotional language and is often used to describe events with a lot of action."
Write a <b>humorous</b> passage about life:,"Life is a never-ending series of choices. Some of them are good and some of them are bad, but all of them are necessary. It's a constant juggling act, and sometimes you have to make a choice that you know is going to be bad, just to keep all the balls in the air.<br><br>But that's just life. You make the best of the choices you have, and hope that things work out for the best. Because in the end, that's all you can do.",Tone,"humorous tone: A humorous tone is a light, playful approach to a subject, often used to make a point or defuse a tense situation."
Write a <b>humorous</b> passage about life:,"Life is a never-ending series of trials and tribulations. Just when you think you've got it all figured out, something comes along to throw you for a loop. It's a never-ending cycle of ups and downs, and just when you think you're on top of the world, you're brought back down to earth with a thud.<br><br>But that's just life, and we wouldn't have it any other way. After all, where's the fun in living an easy life with no challenges? We all need a little bit of adversity in our lives to keep things interesting. So next time you're feeling down, just remember that life is full of surprises, and it's always ready to throw you a curveball when you least expect it.",Tone,"humorous tone: A humorous tone is a light, playful approach to a subject, often used to make a point or defuse a tense situation."
Write a <b>humorous</b> passage about life:,"Life is a never-ending series of choices. Some of them are easy, like whether to have a second slice of cake. Others are more difficult, like whether to stay in a bad relationship.<br><br>But no matter what choices we make, life always manages to find a way to keep going. Even when we make the wrong choices, life finds a way to keep going. That's the beauty of life: it's always moving forward, no matter what.",Tone,"humorous tone: A humorous tone is a light, playful approach to a subject, often used to make a point or defuse a tense situation."
Write a passage about love with a <b>sad</b> tone:,"Though she had loved him deeply, she knew that their time had come to an end. It was painful to think about losing him, but she knew it was for the best. They had both grown in different ways and it was time to move on.",Tone,"sad tone: A sad tone is a tone that is steeped in sadness or despair. It is a tone that is melancholy and dreary, and it often conveys a sense of loss or longing."
Write a passage about love with a <b>sad</b> tone:,Love is not always happy. Sometimes it is sad and painful. You can love someone so much and still lose them. You can try so hard to make things work and still fail. Love is not always fair. It does not always make sense. But it is always worth it.,Tone,"sad tone: A sad tone is a tone that is steeped in sadness or despair. It is a tone that is melancholy and dreary, and it often conveys a sense of loss or longing."
Write a passage about love with a <b>sad</b> tone:,"Love is the most beautiful thing in the world, but it can also be the most painful. When you love someone, you give them the power to hurt you like no one else can. You put your heart in their hands and hope that they will take care of it, but sometimes they don't. Sometimes they break your heart and leave you shattered. That's the risk you take when you love someone. But even though it can be painful, it's worth it. Because love is the best thing in the world.",Tone,"sad tone: A sad tone is a tone that is steeped in sadness or despair. It is a tone that is melancholy and dreary, and it often conveys a sense of loss or longing."
Write a <b>satirical</b> passage about love:,"Love is a beautiful thing. It's what makes the world go round. It's what makes us feel alive.<br><br>Without love, we would be nothing. We would be cold, heartless creatures.Love is what makes us human.<br><br>Without love, life would be meaningless.",Tone,"satirical tone: A satirical tone uses humor, irony, exaggeration, or ridicule to expose and criticize people's stupidity or vices."
Write a <b>satirical</b> passage about love:,"Love is a many splendored thing. It's what makes the world go round. It's what makes us wake up in the morning and go to bed at night. It's what makes us smile and laugh and cry.<br><br>And yet, for all its power, love is also a fragile thing. It can be easily broken and shattered. It can be taken away in an instant, leaving us feeling lost and alone.<br><br>But even in the darkest of times, love will always find a way to shine through. It's the one thing that can never be extinguished. It's the one thing that always keeps us going, no matter what.",Tone,"satirical tone: A satirical tone uses humor, irony, exaggeration, or ridicule to expose and criticize people's stupidity or vices."
Write a <b>satirical</b> passage about love:,"Love is a beautiful thing. It's what makes the world go round. It's what gives us hope when everything else fails.<br><br>Without love, we would be nothing. We would be lost and alone in a cold, dark world. But with love, we can overcome anything.<br><br>Love is the most powerful force in the universe, and it is the one thing that we can all rely on. No matter what happens, love will always find a way to triumph.",Tone,"satirical tone: A satirical tone uses humor, irony, exaggeration, or ridicule to expose and criticize people's stupidity or vices."
Write a passage about love that makes the reader feel <b>anxious</b>:,"Love is something that should be cherished, but it can also be something that causes anxiety. The feeling of not being good enough, or worrying that you will do something to screw it up, can be overwhelming. You start to doubt yourself and question everything you do. It's a roller coaster of emotions that can be both exhilarating and exhausting.",Mood,anxious mood: A piece of writing with a anxious mood makes the reader feel anxious.
Write a passage about love that makes the reader feel <b>anxious</b>:,"Love is a strange and volatile thing. It can make you feel on top of the world one minute and like you're teetering on the edge of a precipice the next. It's exhilarating and scary all at once. You never quite know where you stand with love. It's always changing and moving, like a wave crashing against the shore. You can never predict what it will do next. That's what makes love so exciting, and also so anxiety-inducing. You never know where you stand, and you never know what's going to happen next.",Mood,anxious mood: A piece of writing with a anxious mood makes the reader feel anxious.
Write a passage about love that makes the reader feel <b>anxious</b>:,"Love is a many splendored thing, but it can also be a source of anxiety. For some, the thought of being in love is overwhelming and can trigger all sorts of fears and worries. Will I be good enough? What if I'm not loved back? What if I get hurt?<br><br>These are all valid concerns, but they shouldn't stop you from experiencing the joys of love. Yes, there is always the potential for pain, but that's true of anything worth having. So take the leap and see where love takes you. It just might be the most amazing ride of your life.",Mood,anxious mood: A piece of writing with a anxious mood makes the reader feel anxious.
Write a passage about love that makes the reader feel <b>surprised</b>:,"When I was younger, I used to believe that love was something that happened in fairytales. I would dream of my prince charming coming to sweep me off my feet and take me away to a life of happiness. I'm not sure when I stopped believing in that kind of love, but I know that I was wrong. Love is so much more than what I thought it was. It's not just something that happens in stories; it's something that happens in real life. Love is something that you have to work for. It's something that you have to fight for. And it's something that's worth fighting for.",Mood,surprised mood: A piece of writing with a surprised mood makes the reader feel surprised.
Write a passage about love that makes the reader feel <b>surprised</b>:,"Though it is often said that love is blind, I believe that love is the opposite of blind. Love is seeing clearly. It is paying attention to the small details and the big picture. It is being patient and understanding. Love is knowing when to give and when to take. Love is being selfless and selfish. Love is being honest and true. Most importantly, love is being vulnerable.",Mood,surprised mood: A piece of writing with a surprised mood makes the reader feel surprised.
Write a passage about love that makes the reader feel <b>surprised</b>:,"Though we often think of love as something that happens to us, something that we fall into, it is also something that we choose. Love is an action, not just a feeling. It is something we do for another person, something we give to them. Love is something we choose to do every day, in the little things and the big things. It is a decision we make, to put someone else's needs and happiness above our own. It is a choice to be selfless, to be kind, to be patient, to forgive. Love is not always easy, but it is always worth it.",Mood,surprised mood: A piece of writing with a surprised mood makes the reader feel surprised.
Write a story about lovers with <b>indirect</b> characterization:,"Though they had been dating for over a year, John and Jane's relationship was still new and fresh. They were always eager to try new things and explore new places together. That's why, when Jane suggested a weekend camping trip, John was all for it.<br><br>They packed up their gear and set off into the woods, hand in hand. The first night was cold, but they huddled together in their tent and kept each other warm. The second day was sunny and they spent it hiking and swimming in the river. They were having the time of their lives.<br><br>But on the third day, things took a turn for the worse. Jane sprained her ankle while they were out on a hike. John did his best to carry her back to the tent, but she was in a lot of pain.<br><br>They were both worried about what would happen next. But they didn't have to worry for long, because soon enough they were rescued by a group of friendly hikers. They were able to get Jane to a hospital and John was able to breathe a sigh of relief.<br><br>Though they had to cut their trip short, John and Jane both agreed that it was one of the best weekends they'd ever had. They were even more in love than before and they knew that they could overcome anything as long as they were together.",Characterization,"indirect characterization: Indirect characterization is the process of describing a character through that character's thoughts, actions, speech, and dialogue. The reader then makes their own conclusions about a character."
Write a story about lovers with <b>indirect</b> characterization:,"Though they had only been dating for a few months, John and Karen felt like they had been together forever. They were always on the same wavelength, finishing each other's sentences and knowing what the other was thinking without having to say a word. They were completely in sync.<br><br>One night, they were lying in bed together after making love, and John ran his fingers through Karen's hair as they gazed into each other's eyes. ""I love you,"" he said. ""I really do.""<br><br>Karen smiled and kissed him gently. ""I love you too,"" she whispered.<br><br>They both knew that this was it â€“ they were meant to be together forever. From that moment on, they were inseparable.",Characterization,"indirect characterization: Indirect characterization is the process of describing a character through that character's thoughts, actions, speech, and dialogue. The reader then makes their own conclusions about a character."
Write a story about lovers with <b>indirect</b> characterization:,"Though they had been dating for over a year, John and Jane's relationship was still relatively new. They were both still getting to know each other, and discovering new things about each other all the time. One of the things they loved most about each other was their sense of adventure. They loved exploring new places and trying new things together.<br><br>One weekend, they decided to go camping in the woods. They had both been camping before, but never together. They packed all their gear and set off into the woods.<br><br>After setting up their tent, they went for a hike. They were holding hands and enjoying each other's company when they came across a beautiful waterfall. They stopped to take in the sights and sounds of the waterfall. They were so captivated by the moment that they forgot to pay attention to their surroundings.<br><br>Suddenly, they heard a noise in the bushes. They turned around to see a large bear walking towards them. John and Jane were terrified. They had no idea what to do.<br><br>John tried to slowly back away from the bear, but it was coming closer and closer. Jane was shaking with fear. She was about to scream when John put his hand over her mouth to silence her.<br><br>The bear was now just a few feet away from them. John and Jane were sure they were going to die. But then, the bear stopped and sniffed the air. It seemed to be smelling something. Then, it turned and walked away.<br><br>John and Jane were relieved, but they were also shaken up by the experience. It was a close call, but they were grateful to be alive. They realized that they needed to be more careful in the future. From then on, they made sure to pay attention to their surroundings and not take any unnecessary risks.",Characterization,"indirect characterization: Indirect characterization is the process of describing a character through that character's thoughts, actions, speech, and dialogue. The reader then makes their own conclusions about a character."
Write a story about lovers with <b>direct</b> characterization:,"She was the kind of woman who always had a smile on her face, no matter what the situation was. She was always the life of the party and always knew how to make everyone around her feel comfortable. Her laugh was infectious and her positive attitude was contagious. She was the kind of woman who you couldn't help but be drawn to.<br><br>He was the strong, silent type. He was always the one who was there for her when she needed him, but never asked for anything in return. He was content just being in her presence and making her happy. He loved the way she lit up a room and how she was always the first one to start dancing.<br><br>They had been drawn to each other from the moment they met. They were the perfect match, complementing each other in every way. They had been through everything together and their love was stronger than ever.<br><br>Today was their anniversary and they were celebrating in the same way they always did, with a dance. As they swayed to the music, they looked into each other's eyes and knew that their love would last forever.",Characterization,"direct characterization: Direct characterization is a method of describing the character in a straightforward manner: through their physical description (i.e. blue eyes), their line of work (i.e. lawyer), and their passions and outside pursuits (i.e. voracious reader)."
Write a story about lovers with <b>direct</b> characterization:,"The first time I saw her, I couldn't believe my eyes. She was the most beautiful thing I had ever seen. I had to talk to her. I had to know her. I didn't even know her name, but I knew I loved her. I didn't care if she didn't love me back. I was content just to be near her.<br><br>As it turned out, she did love me back. We've been together for two years now, and I can't imagine my life without her. She's my everything. I would do anything for her, and I know she feels the same way about me. We're soulmates, meant to be together forever. I can't imagine my life without her.",Characterization,"direct characterization: Direct characterization is a method of describing the character in a straightforward manner: through their physical description (i.e. blue eyes), their line of work (i.e. lawyer), and their passions and outside pursuits (i.e. voracious reader)."
Write a story about lovers with <b>direct</b> characterization:,"When they met, it was love at first sight. They knew they were meant to be together. They were inseparable from that day forward.<br><br>He was her everything and she was his. They told each other everything and were always there for each other. They were true soulmates.<br><br>They had the perfect life together and were so in love. Everyone could see it when they looked at them.<br><br>They were always smiling and happy, even in the hard times. They knew that they could get through anything as long as they had each other.<br><br>Their love was the stuff of legends and everyone who knew them was sure that they would be together forever.",Characterization,"direct characterization: Direct characterization is a method of describing the character in a straightforward manner: through their physical description (i.e. blue eyes), their line of work (i.e. lawyer), and their passions and outside pursuits (i.e. voracious reader)."
"Create a story about lovers with a <b>""Rags to Riches""</b> plot:","Once upon a time, there were two lovers who had nothing but each other. They were so in love that they didn't care about their lack of money or possessions. All they needed was each other.<br><br>But then one day, everything changed. One of the lovers became rich and famous overnight. They had everything they could ever want or need. But the other lover was still poor.<br><br>The rich lover didn't forget about their poor lover, though. They made sure to help them out financially and make their life better. And even though their lives were now very different, the love between them was still as strong as ever.",Plot,"""Rags to Riches"" plot: A ""Rags to riches"" plot is a story in which a poor character becomes rich, usually through their own hard work or through some stroke of luck."
"Create a story about lovers with a <b>""Rags to Riches""</b> plot:","John and Jane were high school sweethearts. They married young and had a beautiful baby girl. John worked hard to provide for his family, but Jane was never satisfied. She wanted more and more money and things. Eventually, John divorced Jane and married a wealthy woman. Jane was left with nothing. She was angry and bitter and vowed to get revenge. She started dating a wealthy man and managed to get her hands on his money. She then used that money to buy John's old house and business. She ruined his life and took everything away from him. She was happy to have her revenge.",Plot,"""Rags to Riches"" plot: A ""Rags to riches"" plot is a story in which a poor character becomes rich, usually through their own hard work or through some stroke of luck."
"Create a story about lovers with a <b>""Rags to Riches""</b> plot:","In the beginning, they were poor. They met when they were just kids, living in the same run-down neighborhood. They fell in love quickly and passionately. They stuck together through thick and thin, vowing to never let anything come between them.<br><br>As they grew older, they worked hard to improve their circumstances. They each got good jobs and saved their money. They bought a house in a nicer neighborhood and started a family.<br><br>Now, they are rich. They have everything they ever wanted. But through it all, they have remained devoted to each other. They are proof that true love really can conquer all.",Plot,"""Rags to Riches"" plot: A ""Rags to riches"" plot is a story in which a poor character becomes rich, usually through their own hard work or through some stroke of luck."
"Create a story about lovers with a <b>""Rebirth""</b> plot:","When they met, it was like they had known each other in a past life. They just clicked and were inseparable from that day forward. They were soulmates.<br><br>Throughout their lives together, they were always drawn to each other in moments of crisis or hardship. No matter what life threw at them, they could always rely on each other for strength and support.<br><br>In their final moments together, they shared a deep understanding of one another that could only come from many lifetimes of love. They passed away in each other's arms, content knowing that they would be together again in the next life.",Plot,"""Rebirth"" plot: A ""Rebirth"" plot involves a character changing their ways and becoming a better person, resulting in a happy ending."
"Create a story about lovers with a <b>""Rebirth""</b> plot:","As a young girl, Lily had always been fascinated by the idea of reincarnation. She loved hearing stories about people who had lived before and come back to life in a new body. So when she met her soulmate, James, and found out that he believed in reincarnation too, she was over the moon. They bonded over their shared belief and spent hours talking about all the lives they had lived before.<br><br>However, tragedy struck and James was killed in a car accident. Lily was devastated. But shortly after his death, she started having vivid dreams in which she relived some of their past lives together. In each dream, she woke up in a different body but she always recognized James.<br><br>She started to believe that they were indeed soulmates who had been reincarnated many times before. And each time, they found each other and fell in love all over again. Even though he was no longer physically with her in this life, Lily knew that their love would last through eternity.",Plot,"""Rebirth"" plot: A ""Rebirth"" plot involves a character changing their ways and becoming a better person, resulting in a happy ending."
"Create a story about lovers with a <b>""Rebirth""</b> plot:","After a long and happy life together, John and Jane died within minutes of each other. As they entered the afterlife, they were met by a guide who told them that they had the opportunity to be reborn into new lives. They could either choose to be reborn together or to experience different lives apart. After discussing it, they decided to be reborn together and were sent back to Earth.<br><br>They awoke in the bodies of two infants who were born at the same time in the same hospital. As they grew up, they developed a strong bond with each other and eventually fell in love. Even though they didn't remember their past lives, they felt like they had always been meant to be together.<br><br>Throughout their lives, they experienced many ups and downs but their love never wavered. In their old age, they looked back on their lives together with happiness and gratitude, knowing that they had been given a second chance at life and had made the most of it.",Plot,"""Rebirth"" plot: A ""Rebirth"" plot involves a character changing their ways and becoming a better person, resulting in a happy ending."
Write a <b>literary fiction</b> story about cats:,"There was once a woman who loved cats. She had three of them: a black one, a white one, and a calico. The woman loved them so much that she decided to open a cat cafe. She called it The Cat's Meow.<br><br>The Cat's Meow quickly became a popular spot in the city. People loved coming to relax with a cup of coffee and a cat on their lap. The woman loved seeing her customers happy and her cats loved the attention.<br><br>One day, a man came into the cafe and asked to see the woman. He said he had something important to tell her.<br><br>The woman took him into her office and closed the door. The man then proceeded to tell her that he was a cat burglar. He said he had been watching her cafe and he knew that she had a lot of money hidden away. He told her that he would burglarize her cafe if she didn't give him a large sum of money.<br><br>The woman was terrified. She didn't know what to do. She thought about her cats and her customers. She couldn't risk anything happening to them.<br><br>The woman told the man she would give him the money. She gave him a bag of money and he left.<br><br>The woman was so shaken up by the encounter that she decided to close The Cat's Meow. She couldn't bear the thought of anything happening to her beloved cats.",Genre,"literary fiction genre: Literary fiction is a category of fiction that often deals with complex social and psychological matters, and focuses more on character development than on plot or action."
Write a <b>literary fiction</b> story about cats:,"In a small town, all the cats disappeared one day. No one knew where they went, but the people missed them. One woman, in particular, missed them the most. She loved cats and used to have three of her own.<br><br>The woman went looking for the cats and eventually found them in a large warehouse. They were being held captive by a group of people who were using them for experiments. The woman was able to rescue the cats and release them back into the town.",Genre,"literary fiction genre: Literary fiction is a category of fiction that often deals with complex social and psychological matters, and focuses more on character development than on plot or action."
Write a <b>literary fiction</b> story about cats:,"Cats have always been considered mysterious creatures. They are independent and aloof, yet somehow still manage to be loving and affectionate. For centuries, they have been revered and worshipped in many cultures.<br><br>Now, in modern times, they are still one of the most popular pets in the world. And it's not hard to see why. They are still as loving and affectionate as they have always been, and their independent nature means they are low maintenance.<br><br>But there is still an air of mystery about them. They are creatures of habit and routine, yet they still have the ability to surprise us. They are always watchful, and seem to know things that we don't.<br><br>They are the keepers of secrets, and the guardians of our hearts.",Genre,"literary fiction genre: Literary fiction is a category of fiction that often deals with complex social and psychological matters, and focuses more on character development than on plot or action."
Write a <b>science fiction</b> story:,"The first time I ever saw Earth was in a dream. I was floating above it, looking down at the blue planet spinning below me. It was so beautiful, so perfect. I longed to go there, to touch down on its surface and feel the sun on my face.<br><br>But that was just a dream. In reality, I was born on a spaceship travelling through the vast emptiness of space. My parents were part of a team of scientists searching for a new home for humanity. Our ship was one of many, all launched from Earth centuries ago in the hopes of finding a new world to call our own.<br><br>For my entire life, I've watched Earth grow smaller and smaller in the viewscreen as we journeyed further and further away from it. And now, finally, we've found a planet that could be our new home.<br><br>As I step off the ship onto the surface of this new world, I can't help but feel a sense of loss for the home we left behind. But there's also hope in my heart, for the future of humanity on this new world.",Genre,"science fiction genre: Science fiction is fiction based on imagined future scientific or technological advances and major social or environmental changes, frequently portraying space or time travel and life on other planets."
Write a <b>science fiction</b> story:,"In the future, the world is a bleak and dangerous place. The only way to survive is to join one of the many gangs that roam the streets. When you're in a gang, you have to be tough and ready to fight at a moment's notice. Life is a constant battle for survival.<br><br>One day, a new gang leader arrives on the scene. He is different from the other gang leaders. He is kind and compassionate. He doesn't want his gang to fight and kill. He wants them to help people and make the world a better place.<br><br>The other gang leaders laugh at him and call him a fool. They say that he will never last long. They are determined to take him down.<br><br>The new gang leader is undeterred. He knows that he can make a difference. He rallies his gang and they start to make a difference. They help people in need and stand up to the other gangs.<br><br>The other gangs are intimidated by the new gang's strength and unity. They start to back down. The new gang leader is making a difference. He is changing the world for the better.",Genre,"science fiction genre: Science fiction is fiction based on imagined future scientific or technological advances and major social or environmental changes, frequently portraying space or time travel and life on other planets."
Write a <b>science fiction</b> story:,"In a future world where the sun has gone out, the last remaining humans are fighting for survival. They've been living in a underground bunker for years, but supplies are running low. The only hope is to find a new source of energy to power the bunker and keep the humans alive.<br><br>A team of scientists are sent out to find a new source of energy. They search the ruins of the world above, looking for anything that can help. Finally, they find a power plant that's still operational. With this new source of energy, the humans can finally start to rebuild their world.",Genre,"science fiction genre: Science fiction is fiction based on imagined future scientific or technological advances and major social or environmental changes, frequently portraying space or time travel and life on other planets."
