prompt,response,aspect
Write a passage with a flowery writing style about strawberries:,"The sweet, succulent taste of strawberries is like no other fruit. They are the perfect addition to any dish, whether it be a simple salad or a decadent dessert.<br><br>The delicate flavor of strawberries is what makes them so special. They are the quintessential summer fruit, and can be enjoyed in so many different ways. Whether you like them freshly picked, or drizzled with chocolate, strawberries are sure to please.",Writing Style
Write a passage with a flowery writing style about strawberries:,"The strawberries were ripe and red, and they smelled like summer. I wanted to eat them all, but I knew I had to share.",Writing Style
Write a passage with a flowery writing style about strawberries:,"The strawberries were plump and red, with a hint of sweetness in the air. They looked like they had been freshly picked, and I couldn't help but feel a pang of jealousy. I wished I could have been the one to pick them, to feel the warm sun on my skin and the soft dirt beneath my feet. Instead, I was stuck inside, staring longingly at the fruit.",Writing Style
Write a prosaic passage about sunsets:,"The sun slowly sinks behind the horizon, painting the sky in a spectrum of oranges, pinks, and purples. The world is bathed in a warm, golden light, and the air is thick with the scent of summer. The setting sun casts long shadows across the land, and the world is filled with a sense of peace.",Writing Style
Write a prosaic passage about sunsets:,"Sunsets are one of the most beautiful things in nature. They are a time when the sky is ablaze with colors, and the world seems to be at peace. Sunsets are a time to relax and reflect on the day that has passed. They are a time to appreciate the beauty of nature and the world we live in.",Writing Style
Write a prosaic passage about sunsets:,"There is something about sunsets that just make you feel at ease. Maybe it's the way the colors stretching out in front of you, or the way the world seems to slow down for a few minutes. Whatever it is, sunsets are definitely a moment to savor.",Writing Style
Write a poetic passage about sunsets:,The sun is setting<br>The sky is red<br>The clouds are pink<br>The trees are orange<br>The grass is yellow<br>The flowers are purple<br>The wind is blowing<br>The birds are singing<br>The butterflies are flying<br>It's a beautiful day,Writing Style
Write a poetic passage about sunsets:,"The sun sets over the horizon,<br><br>The sky turns a beautiful hue of orange and red,<br><br>The birds fly home to their nests,<br><br>The squirrels scurry up the trees,<br><br>And the world is at peace.",Writing Style
Write a poetic passage about sunsets:,The colors of the sky<br>Are so beautiful<br>And the sun<br>Sets in the west<br>Every day,Writing Style
Write a dramatic passage about love:,"Though all my hopes and dreams,<br><br>May never be realized,<br><br>I still know that true love exists,<br><br>And I am willing to take the risk.<br><br>For even if I am hurt in the end,<br><br>At least I will have experienced<br><br>The most powerful emotion in the world,<br><br>And that is worth everything.",Tone
Write a dramatic passage about love:,"Love is the light that guides us through the dark times. It is the hope that keeps us going when all seems lost. It is the force that drives us to be better than we are.<br><br>When we are in love, we are alive. We feel more than we ever thought possible. We are willing to sacrifice everything for the one we love. We would do anything to make them happy.<br><br>Love is the most powerful emotion in the world. It can make us happy and whole, or it can tear us apart. It is the one thing that we all crave, and the one thing that can never be fully understood.",Tone
Write a dramatic passage about love:,"""I love you. I'm so in love with you. I can't stand to be without you. I need you. I want to be with you all the time. I can't stand it when we're apart. I'm always thinking about you. I can't wait to see you again. I'm so in love with you.""",Tone
Write a humorous passage about humanity:,"We are a species that is constantly trying to find new and innovative ways to kill each other. We have wars, we have conflicts, we have violence. It's almost as if we can't help ourselves. We are also a species that is capable of great kindness, compassion, and love. We have moments of brilliance and moments of stupidity. We are a contradictory and confusing species, but we are also the only species on this planet that can change and grow and learn. So maybe, just maybe, we can figure this whole thing out someday.",Tone
Write a humorous passage about humanity:,"Humans are a funny species. We're always doing things that make us laugh, even when we don't mean to. We trip over our own feet, say the wrong things at the wrong times, and generally make a mess of things. But that's what makes us so lovable. We're always trying to improve ourselves, but we never quite succeed. We're always making mistakes, but we never learn from them. We're a species that is constantly evolving, but we always seem to end up right back where we started.",Tone
Write a humorous passage about humanity:,"The human race is a funny old thing. We're always striving for perfection, but we're never quite sure what that is. We're always looking for the next big thing, the next best thing, but we're never quite sure what that is either. We're a race of contradictions. We want to be loved and accepted, but we're also afraid of intimacy. We want to be successful, but we're also afraid of failure. We want to be happy, but we're also afraid of being unhappy. It's no wonder we're such a mess!",Tone
Write an ironic passage about love:,"Though she professed her love for him, she was secretly hoping he would break up with her. She enjoyed the attention he lavished on her, but was getting tired of always being the one to initiate affection. She knew that if she just waited patiently, he would eventually get fed up and dump her.",Tone
Write an ironic passage about love:,"Though she had been married for years, she could not help but to think of the day that her true love would come and sweep her off of her feet. She had always been a romantic, and she loved the idea of being in love. Though she knew that her husband loved her, she could not help but to feel like something was missing. She often found herself daydreaming about what it would be like to be loved unconditionally and completely.",Tone
Write an ironic passage about love:,"Though she had been married for years, she could not help but to wonder what it would be like to be truly in love. She had always heard that love was the most amazing feeling in the world, and she was eager to experience it for herself. Little did she know that her true love would be her husband of many years.",Tone
Write a satirical passage about love:,"Love is a beautiful thing. It's what makes the world go round. It's what makes us feel alive.<br><br>Without love, we would be nothing. We would be cold, heartless creatures.Love is what makes us human.<br><br>Without love, life would be meaningless.",Tone
Write a satirical passage about love:,"Love is a many splendored thing. It's what makes the world go round. It's what makes us wake up in the morning and go to bed at night. It's what makes us smile and laugh and cry.<br><br>And yet, for all its power, love is also a fragile thing. It can be easily broken and shattered. It can be taken away in an instant, leaving us feeling lost and alone.<br><br>But even in the darkest of times, love will always find a way to shine through. It's the one thing that can never be extinguished. It's the one thing that always keeps us going, no matter what.",Tone
Write a satirical passage about love:,"Love is a beautiful thing. It's what makes the world go round. It's what gives us hope when everything else fails.<br><br>Without love, we would be nothing. We would be lost and alone in a cold, dark world. But with love, we can overcome anything.<br><br>Love is the most powerful force in the universe, and it is the one thing that we can all rely on. No matter what happens, love will always find a way to triumph.",Tone
Write a passage about love that makes the reader feel anxious:,"Love is something that should be cherished, but it can also be something that causes anxiety. The feeling of not being good enough, or worrying that you will do something to screw it up, can be overwhelming. You start to doubt yourself and question everything you do. It's a roller coaster of emotions that can be both exhilarating and exhausting.",Mood
Write a passage about love that makes the reader feel anxious:,"Love is a strange and volatile thing. It can make you feel on top of the world one minute and like you're teetering on the edge of a precipice the next. It's exhilarating and scary all at once. You never quite know where you stand with love. It's always changing and moving, like a wave crashing against the shore. You can never predict what it will do next. That's what makes love so exciting, and also so anxiety-inducing. You never know where you stand, and you never know what's going to happen next.",Mood
Write a passage about love that makes the reader feel anxious:,"Love is a many splendored thing, but it can also be a source of anxiety. For some, the thought of being in love is overwhelming and can trigger all sorts of fears and worries. Will I be good enough? What if I'm not loved back? What if I get hurt?<br><br>These are all valid concerns, but they shouldn't stop you from experiencing the joys of love. Yes, there is always the potential for pain, but that's true of anything worth having. So take the leap and see where love takes you. It just might be the most amazing ride of your life.",Mood
Write a passage about love that makes the reader feel proud:,"Love is something that should be celebrated. It is the most powerful emotion that we as humans can feel, and it is something that can bring us great joy. Love is something that can make us feel proud, and it is something that we should all strive to feel.",Mood
Write a passage about love that makes the reader feel proud:,"<br><br>Love is the most powerful force in the universe. It has the ability to overcome any obstacle and to transcend any barrier. It is the force that unites us all and that gives us hope in the darkest of times. It is the force that fills our hearts with happiness and our lives with meaning.<br><br>When we love, we are our best selves. We are kind, compassionate, and forgiving. We are able to see the good in others and to bring out the best in them. Love is the force that gives us the strength to persevere when things are tough and to keep going when we feel like giving up.<br><br>When we love, we are making the world a better place. We are creating a force of good that can never be extinguishes. We are giving of ourselves in the most selfless way possible, and in doing so, we are making the world a better place for all.",Mood
Write a passage about love that makes the reader feel proud:,"Love is one of the most powerful emotions we as humans can feel. It can make us feel happy, sad, angry, and everything in between. It is something that can bring two people together and make them feel as if they are one. Love is something that can make us do things we never thought we would do. It is something that can make us feel alive. Love is something that is worth fighting for.",Mood
Write a story about lovers with indirect characterization:,"Though they had been dating for over a year, John and Jane's relationship was still new and fresh. They were always eager to try new things and explore new places together. That's why, when Jane suggested a weekend camping trip, John was all for it.<br><br>They packed up their gear and set off into the woods, hand in hand. The first night was cold, but they huddled together in their tent and kept each other warm. The second day was sunny and they spent it hiking and swimming in the river. They were having the time of their lives.<br><br>But on the third day, things took a turn for the worse. Jane sprained her ankle while they were out on a hike. John did his best to carry her back to the tent, but she was in a lot of pain.<br><br>They were both worried about what would happen next. But they didn't have to worry for long, because soon enough they were rescued by a group of friendly hikers. They were able to get Jane to a hospital and John was able to breathe a sigh of relief.<br><br>Though they had to cut their trip short, John and Jane both agreed that it was one of the best weekends they'd ever had. They were even more in love than before and they knew that they could overcome anything as long as they were together.",Characterization
Write a story about lovers with indirect characterization:,"Though they had only been dating for a few months, John and Karen felt like they had been together forever. They were always on the same wavelength, finishing each other's sentences and knowing what the other was thinking without having to say a word. They were completely in sync.<br><br>One night, they were lying in bed together after making love, and John ran his fingers through Karen's hair as they gazed into each other's eyes. ""I love you,"" he said. ""I really do.""<br><br>Karen smiled and kissed him gently. ""I love you too,"" she whispered.<br><br>They both knew that this was it – they were meant to be together forever. From that moment on, they were inseparable.",Characterization
Write a story about lovers with indirect characterization:,"Though they had been dating for over a year, John and Jane's relationship was still relatively new. They were both still getting to know each other, and discovering new things about each other all the time. One of the things they loved most about each other was their sense of adventure. They loved exploring new places and trying new things together.<br><br>One weekend, they decided to go camping in the woods. They had both been camping before, but never together. They packed all their gear and set off into the woods.<br><br>After setting up their tent, they went for a hike. They were holding hands and enjoying each other's company when they came across a beautiful waterfall. They stopped to take in the sights and sounds of the waterfall. They were so captivated by the moment that they forgot to pay attention to their surroundings.<br><br>Suddenly, they heard a noise in the bushes. They turned around to see a large bear walking towards them. John and Jane were terrified. They had no idea what to do.<br><br>John tried to slowly back away from the bear, but it was coming closer and closer. Jane was shaking with fear. She was about to scream when John put his hand over her mouth to silence her.<br><br>The bear was now just a few feet away from them. John and Jane were sure they were going to die. But then, the bear stopped and sniffed the air. It seemed to be smelling something. Then, it turned and walked away.<br><br>John and Jane were relieved, but they were also shaken up by the experience. It was a close call, but they were grateful to be alive. They realized that they needed to be more careful in the future. From then on, they made sure to pay attention to their surroundings and not take any unnecessary risks.",Characterization
Write a fast-paced story about survivors:,"The survivors had to move quickly. The infected were everywhere, and they were closing in fast. They had no choice but to run. They ran as fast as they could, but the infected were right behind them. They could hear their moans and their footsteps getting closer and closer. Suddenly, one of the survivors tripped and fell. The others tried to help him up, but it was too late. The infected were upon them. They could only watch as the infected tore their friend apart. Then, they ran for their lives.",Pacing
Write a fast-paced story about survivors:,"The survivors of the zombie apocalypse huddle around the fire, telling stories of their harrowing experiences. They have all been through so much, and yet they are all still here, together.<br><br>It feels like a lifetime ago that the world was turned upside down by the zombie outbreak. But it has only been a few short months. It feels like a lifetime ago that they were all normal people, with normal lives. Now, their lives are anything but normal.<br><br>They have all lost so much. Their homes, their families, their friends. But they have also gained something. They have gained each other. And together, they are strong.<br><br>They have all been through hell, and yet they are still standing. They are survivors.",Pacing
Write a fast-paced story about survivors:,"The survivors were huddled together in the dark, cold basement. They had been down there for days, ever since the outbreak had begun. The only light came from a small window high up on the wall, and the only food was whatever they could scrounge up from the shelves.<br><br>They heard the footsteps overhead, and everyone went silent. They knew that the creatures were up there, prowling around, looking for victims. They had to be quiet, had to stay hidden.<br><br>Someone started to whimper, and someone else shushed them. But it was too late. The creatures had heard them. They came crashing through the door, red eyes gleaming with hunger.<br><br>The survivors fought back, but they were no match for the creatures. One by one, they were dragged away, screaming into the darkness.<br><br>The only ones left were the two young children, huddled together in the corner. They knew they had to be quiet, had to stay hidden. But the creatures were coming for them, and there was nowhere to hide.",Pacing
Write a story about cats with a “Tragedy” plot:,"Once upon a time, there were two cats who loved each other very much. They would spend hours playing together, cuddling and purring. They were the best of friends.<br><br>One day, tragedy struck. One of the cats became very ill and had to be put to sleep. The other cat was heartbroken.<br><br>For weeks, the surviving cat moped around the house, grieving for her lost friend. She refused to eat or play. Her humans became worried and took her to the vet.<br><br>The vet diagnosed the cat with depression and prescribed medication. With time and care, the cat slowly started to recover. But she would never be the same again. She would always remember her lost friend and the happy times they shared together.",Plot
Write a story about cats with a “Tragedy” plot:,"In a small town, there was a family of cats who lived together in a cozy home. They were happy and loved each other very much. One day, tragedy struck when the family's matriarch passed away. The family was devastated and struggled to cope with their loss. Over time, they slowly began to heal, but they were never quite the same.",Plot
Write a story about cats with a “Tragedy” plot:,"Once upon a time, there were two cats who loved each other deeply. They spent every day together, cuddling, playing, and exploring. They were the happiest cats in the world.<br><br>One day, tragedy struck. One of the cats became very ill and had to be put to sleep. The other cat was devastated. He cried and moped around the house for days, refusing to eat or play. He just couldn't bear to live without his best friend.<br><br>Eventually, the grieving cat slowly started to recover. He began to eat and play again, and even made some new friends. Although he would always miss his beloved friend, he was slowly learning to live without him.",Plot
Write a story with a “Comedy” plot:,"When his alarm clock went off, Jerry groaned and rolled over, trying to ignore the sound. But it was no use, the alarm was blaring and there was no way to go back to sleep. Jerry reluctantly got out of bed, feeling like he had already had a long day.<br><br>He shuffled into the kitchen, starti",Plot
Write a story with a “Comedy” plot:,"When the world ended, nobody was laughing.<br><br>That was the problem.<br><br>The apocalypse came without warning. One minute the sun was shining and the birds were singing; the next, the sky was dark and filled with the howls of demons.<br><br> Humanity didn’t stand a chance.<br><br>But in the midst of all the terror and destruction, one man continued to laugh.<br><br>Some said he was crazy; others said he was brave. But nobody knew why he found the situation so funny.<br><br>As the world crumbled around him, the laughing man continued to find humor in the darkness.<br><br>And then, one day, he found himself alone in a world filled with death and destruction.<br><br>But he still laughed.<br><br>Because even in the darkest of times, laughter is the best medicine.",Plot
Write a story with a “Comedy” plot:,"Lizzy and her best friend Jane are always up for a good time. So when they hear about a new club opening up in their town, they just have to check it out. The club is called “The Comedy Club” and it’s just what it sounds like: a place where people come to laugh and have a good time.<br><br>Lizzy and Jane show up to the club on its opening night and they are not disappointed. The comedy acts are hilarious and the two of them are laughing all night long. They even meet some new friends at the club and they’re all having a great time.<br><br>At the end of the night, Lizzy and Jane are both feeling great. They had such a fun time at the club that they’re already planning on going back next week. They may even bring some of their new friends with them!",Plot
Write a historical fiction story about cats:,"Once upon a time, there were two cats who lived in a palace together. They were the best of friends and did everything together. One day, they decided to go exploring in the palace and ended up getting lost. They wandered around for hours until they finally found their way back to the palace. They were so tired from their adventure that they both fell asleep. When they woke up, they were in a different time period! The palace was gone and they were surrounded by strange looking creatures. They didn't know what to do or where to go. They eventually found a group of other cats and started a new life together.",Genre
Write a historical fiction story about cats:,"Cats have been a part of human civilization for thousands of years. They were first domesticated in Egypt, where they were revered as gods. Cats spread to other parts of the world, where they became valued as pets and companions.<br><br>Today, there are more than 500 million domestic cats in the world. They come in a wide variety of shapes and sizes, and their fur can be any color or pattern. Cats are known for their independent nature, their love of napping, and their adorably fuzzy faces.<br><br>Whether you're a cat lover or not, there's no denying that these furry creatures have had a profound impact on our history.",Genre
Write a historical fiction story about cats:,"Once upon a time, there were two cats who loved each other very much. They would spend hours curled up together, sleeping and purring. They were the happiest of all cats.<br><br>One day, they were out exploring the world together when they ran into a group of other cats. These cats were different from them - they were mean and aggressive. They hissed and spit at the two lovebirds, and soon they were surrounded.<br><br>The two cats huddled together, terrified. They knew they were going to be killed.<br><br>But then, something amazing happened. One of the aggressive cats stepped forward and protected them. He fought off the others and chased them away.<br><br>The two cats were safe. They looked at their savior, and they knew they would never forget his kindness. From that day forward, they swore to always protect each other, no matter what.",Genre
Write a dystopian story about cats:,"In a future world, cats are the dominant species and humans are their slaves. Cats are cruel masters, often torturing and killing their human slaves for fun. Humans are desperately trying to overthrow their feline overlords, but so far, all attempts have failed. One day, a group of humans comes up with a plan to use a cat's natural love of tuna to their advantage. They plant tuna fish all around the city, leading the cats into a trap. When the cats are all gathered in one place, the humans spring their trap and kill them all. With the cats gone, humans finally have a chance to be free.",Genre
Write a dystopian story about cats:,"Once upon a time, there were cats. But then, something happened that changed everything. The cats became infected with a deadly virus that killed them by the thousands. As the numbers of cats dwindled, the humans became desperate. They began to experiment on the remaining cats, trying to find a cure for the virus. But the cats didn't want to be cured. They wanted to be free. So they fought back. They used their powerful minds to take control of the humans, and soon, the entire world was run by cats. The humans were their slaves, and they enjoyed every minute of it.",Genre
Write a dystopian story about cats:,"In the future, cats have taken over the world. They are the dominant species, and humans are their slaves. Cats are cruel masters, and they enjoy torturing and killing humans for fun. They use us for our fur, our meat, and our blood. We are nothing but playthings to them. They are the true rulers of the world, and we are nothing but their servants.",Genre
